0,1
18.605328,-23.518293
11.550214,-9.313647
31.561586,16.482306
17.70779,-10.88262
-40.567226,31.561422
-40.77278,-12.846397
-23.764902,22.164042
-10.133044,38.951893
-6.2933316,2.707788
-33.72762,-17.69331
28.698338,-5.871936
-44.813835,29.95014
-31.612108,-5.2384253
37.981716,-21.47839
11.462672,7.8655696
-19.795649,-3.195201
-16.596247,-40.006294
-25.476156,-14.516579
58.199856,-13.998489
8.704546,-38.33852
-6.055396,-30.928928
13.324181,38.232567
-13.612473,-23.388517
7.0065746,-23.60148
1.4419523,7.2532983
8.369642,-6.660978
-42.089657,9.036063
-33.42069,37.660725
34.412064,-22.719177
-32.385105,36.857277
50.537045,4.9942136
-50.197723,-1.2446302
2.451474,-14.5968075
-12.309282,4.5396028
-11.611363,25.935656
17.196327,31.040102
7.0261383,-7.5199866
-20.574251,2.0928655
4.0909,-30.544603
54.4695,0.35908958
16.829107,-29.311771
-13.685251,10.5304165
-24.526033,8.061673
-39.953316,-17.41046
-1.6963326,-48.02738
-11.023616,-5.1765695
-3.288649,-28.499521
3.7179966,40.95701
34.46349,8.323787
55.823036,-21.35445
-33.926712,-3.04584
-43.418648,-8.477098
39.246887,-13.512598
-42.859875,-0.07832931
31.809,1.3342984
-14.612486,-31.643179
24.69847,-10.4616
-24.648684,1.1164268
-9.646667,-7.1523166
-33.244198,33.4318
35.607185,2.5327725
20.139263,-28.809082
-25.75372,-17.815973
-47.03418,16.633347
-39.387676,8.7202835
22.972057,14.206242
56.73736,1.4138571
-13.906334,-37.753983
-48.152023,18.74575
-34.42372,8.600123
46.756905,8.778174
32.71296,-31.83623
-31.395193,-16.867775
47.03786,0.95288384
-9.573601,-31.676409
-21.316807,0.66371506
54.029396,-14.366788
28.095758,13.162931
20.627018,-29.64564
-8.402827,-33.471603
-8.371002,20.651785
13.575222,17.125322
-9.4583435,-16.129282
-25.348818,24.921589
25.739916,22.14157
-28.054611,0.0008585514
-30.72329,36.447037
-4.7650247,24.383316
6.9419403,24.689314
-12.551113,-34.61676
-2.1969535,3.0568027
-32.411213,-3.523909
-7.4331126,3.8646963
0.83906,-46.64841
17.643702,-30.660242
-30.026043,-21.68704
-16.58281,34.80185
-12.725471,0.63517314
2.0439763,30.434683
-15.390035,-22.426428
-34.20995,-12.457098
20.722141,-25.257744
-4.078665,-20.32279
-32.63777,24.365162
-38.39961,22.56521
-40.925354,16.872503
53.366978,4.155879
-21.620916,27.676414
-22.309664,28.161234
1.3720889,-14.963487
11.938212,10.749718
-7.123585,14.121744
-7.6643248,-34.45865
-28.496529,-4.8627925
26.13401,-24.175192
-11.66433,-23.573011
1.831291,34.97342
-31.73303,5.880007
-12.384572,-38.78828
29.152206,-7.6057806
-46.63125,17.091146
-33.37061,32.0754
-29.703785,-14.95049
-26.086815,-16.140676
45.01673,-7.4526
-36.313103,13.754075
-22.300228,37.212204
-28.434471,11.855765
-32.64037,12.239054
-40.541187,25.640898
-20.41924,-32.175835
5.0904093,35.228855
-24.915392,18.385265
27.892145,30.106949
-6.2918754,1.9567436
39.87818,-11.157318
6.1981716,41.79823
30.167704,-21.682978
-14.312648,-30.674488
-4.9429383,-37.670265
-53.772476,6.8553023
1.3405215,-47.3029
21.347513,16.168636
34.729813,3.1171248
52.948887,3.3976889
-36.201786,30.996399
6.7323046,-44.28494
0.8388983,27.744596
-50.979156,7.01095
-23.970673,16.196787
11.213382,11.18015
-22.874565,-16.149717
-30.620209,-4.7312713
-18.566969,26.361942
1.8198118,30.279312
4.812697,14.417398
-6.935729,20.580748
-20.596546,-3.8317213
-24.186996,13.579476
-0.14568603,-30.150377
-31.92832,37.15209
-8.899527,28.065817
7.599577,23.375286
59.807972,-13.937192
16.533316,-12.461858
6.758478,-25.927494
9.987019,36.358418
-4.22029,-15.615487
-29.581343,-19.712952
20.017088,2.4532762
-21.168852,33.396374
-46.595215,-6.3367023
-22.376255,-16.494387
-15.8202715,11.9368105
8.519741,21.530909
24.619568,-4.062567
-50.355125,17.30339
26.038797,-13.379015
-21.968573,35.294827
9.5102625,36.564198
-23.20321,25.508537
-52.990337,8.948216
22.654406,-2.1406813
-8.926136,-25.426395
-21.402905,-2.1587768
26.472328,20.490644
10.008232,-7.2021875
20.624697,37.149994
40.37795,-8.193031
-29.274061,25.455881
-19.328562,26.980457
-9.428994,-36.61017
-1.6140949,-13.516361
-10.078877,18.13682
-7.7009306,4.550547
-45.155697,22.816654
-9.392347,-14.728465
48.68897,3.0328975
-15.649843,36.33724
-47.194057,27.500792
-42.475704,30.60758
37.788746,-14.377943
27.818827,-23.26753
26.969261,25.79204
27.37344,-15.657985
-3.905685,-13.673283
-37.972893,-0.76603526
-41.73006,14.3144045
-15.589203,-27.67353
-3.3140302,5.73028
57.36801,-17.73378
-10.032153,-6.804097
11.339277,-39.222412
3.9152627,-27.87484
31.14863,13.955777
4.007484,32.736282
52.80536,1.0252267
-2.3875437,8.829894
56.82176,-18.667969
34.399384,-15.534452
4.4276614,-15.851286
-50.07246,15.878897
12.007149,-41.611473
-39.400723,13.864733
-8.022698,-15.461855
5.09165,-40.25238
27.170628,-32.86547
-33.547783,-12.259822
-51.2682,11.603644
-52.26001,11.098974
16.86717,18.7282
-24.62933,-3.8555849
-14.12332,34.886272
47.383602,-9.914483
15.415681,38.30937
20.359762,15.28046
-13.065722,-22.736412
-32.286613,30.682482
-4.6499825,-12.333621
0.1565356,7.509866
26.605246,22.430126
36.53254,-9.173842
11.628894,-37.671165
9.57615,-42.560795
56.317486,-13.394945
-22.968075,-0.9729348
60.68005,-14.305694
4.185097,-18.167564
14.154165,31.238134
-41.010334,14.786436
19.18961,-16.487747
-26.756676,-17.34934
0.26002368,-37.868275
-48.507282,-11.965446
-29.987307,14.242771
-28.309048,19.351013
9.229504,39.221966
-6.1316648,-30.961378
-36.26979,-9.337698
5.7041965,-39.64191
-29.898096,-1.8859128
-11.343906,8.576844
13.812611,-31.444427
-13.058412,4.825865
16.000914,-1.851718
-13.701266,18.403751
-5.517882,-43.623093
29.055449,31.443913
-22.511438,6.8078337
-27.016386,11.777106
28.518137,-17.76601
20.933008,-24.002094
31.016241,-11.578516
-30.568558,37.682518
40.51219,15.139321
17.432177,-38.35652
-1.5846816,9.797197
0.5653754,-22.223276
10.272093,26.75604
17.696487,-35.81625
-6.084496,16.922407
45.97372,-7.570692
10.62251,-6.450785
-40.99603,28.931894
15.314606,20.469387
56.548153,-11.273046
26.199781,-11.431259
40.263363,-12.132926
-18.374907,7.234292
1.6947267,-30.786266
-26.571905,13.606103
-22.108719,-15.7242365
-14.764973,-6.024002
-12.597864,-25.280579
-39.635967,-15.112851
-29.549095,12.399511
21.797142,-29.644226
9.281374,-2.5795808
-32.81648,2.7551727
-12.842203,3.9803133
-32.535698,37.94668
26.684132,-33.667038
-14.91264,9.787316
-2.3606722,-10.135998
-43.372257,-8.416221
-48.61924,-13.960948
-49.494396,21.114218
-36.877087,30.54498
-5.5344553,20.71455
-32.052795,22.545591
-6.447782,0.8221481
5.87483,22.766045
-33.765823,11.870366
-25.79466,-18.307047
-8.033505,14.315514
30.948488,-10.296184
31.178158,16.090397
-31.935629,38.416973
-20.851536,-19.515902
-20.481571,-4.334089
22.37822,-33.278282
23.51287,-4.5376186
23.53226,11.272074
-6.612776,21.615614
24.467806,-17.277716
56.001938,-20.987452
1.1669466,-27.865093
41.300148,12.821783
47.93372,-8.990518
-15.929794,-29.63054
-41.744225,16.41886
-32.789967,20.789322
-14.5689535,-29.892216
-52.86536,-7.390935
26.302462,-8.089734
-21.247557,29.927376
-16.593378,-2.0277607
8.085735,-33.579117
19.17454,-38.873734
29.64145,-14.720063
-16.005096,-29.139034
-14.286755,-33.113674
-31.226393,-3.1156545
3.6180537,-32.41117
1.3956084,8.590755
-32.424755,-15.088622
-31.954657,10.1951475
0.99214697,33.643917
-40.79166,11.788563
-7.9306393,-39.14099
-36.741837,-7.3750143
55.658024,-23.124027
-50.136818,-3.4386377
-18.857767,-19.23562
-0.61909616,28.211615
3.6204844,-26.562471
32.80227,-3.771432
-51.813026,-4.094658
28.55065,29.758104
25.043543,23.740788
15.282366,34.126488
17.343899,32.023083
-25.261166,-16.79101
41.187447,13.640829
-54.94959,7.132503
4.359723,14.34784
-18.537651,34.962223
6.9677796,-40.5667
45.938168,-7.8414855
-2.317131,-35.008114
-39.905148,-5.110992
32.315556,20.001413
17.419065,-25.544647
-42.526955,16.92863
35.591347,-4.723267
29.701397,27.43309
-45.56905,25.426092
-19.49133,2.3937354
9.058809,41.47052
11.522357,21.490128
-12.434884,-27.198069
7.697081,-24.233297
14.065861,-7.1926475
9.481204,3.1677942
-0.86223215,34.056583
-31.784082,-16.30426
40.5438,15.009589
-29.15166,-1.4881936
-53.310123,-4.733852
-36.51771,3.0169268
18.024046,25.788465
-10.90613,-0.71157444
32.324383,-9.098994
-51.154327,-4.1457877
-40.799313,13.408879
16.437202,33.897205
-31.371773,-18.545935
-41.829884,-10.082163
25.342295,3.253291
-51.204285,-2.361021
14.503842,31.618643
-37.29622,6.1340213
-0.4465514,10.321951
26.998133,30.246958
-3.7529318,-39.651333
28.331678,27.035643
12.383003,-2.9981883
16.040834,-20.648684
-5.4220743,4.1611533
5.3636403,-31.695389
-17.599413,2.5795355
-9.171832,-27.86307
-6.4872446,-44.741676
3.6311095,31.158604
16.812098,32.294758
27.64185,4.0786567
-9.573316,-14.470114
59.792675,-16.878824
19.231754,36.473255
2.8696427,33.659744
-3.5527754,-16.426012
10.763435,-19.426903
12.2649145,-37.52924
-8.37045,38.809303
23.64132,-10.406685
-24.816055,-17.725607
16.62726,-12.331432
2.7555826,-18.503267
-4.434235,-28.299261
46.919952,-3.8499796
5.303703,-33.38275
18.467522,-12.208297
-38.510986,9.771405
51.512787,-10.786629
13.275056,16.85495
1.8269967,-4.790585
2.3234618,34.344223
-30.286713,8.64581
8.053482,6.6832585
-32.956795,34.114727
35.918674,-17.089682
31.862741,30.842932
-9.845815,28.06516
56.028465,1.7339122
25.025991,17.293104
22.251673,20.147818
7.0404863,33.946186
-42.004112,2.5190775
7.594771,22.67455
54.280655,-20.040941
26.825428,-12.268895
43.78688,4.7143626
5.6310716,37.132637
20.47549,13.603601
49.99353,4.3309293
-41.107693,14.554317
-10.195649,23.04685
-48.856926,23.65597
-33.847443,30.544765
-12.909656,2.0746734
-35.842392,29.225294
-39.252007,12.493909
60.577187,-9.8758745
-5.1624713,18.878979
-12.7335415,-35.81394
61.4753,-14.572194
-20.522268,18.911951
3.02793,-28.67527
42.478966,7.174437
49.69567,1.4214691
-17.408257,-40.515568
27.979689,-28.207397
-42.39611,-2.4668365
39.880337,-10.803949
-14.17047,-37.485004
0.699952,-20.59151
-15.860191,20.7427
-39.708065,14.846184
21.5347,-16.06651
-27.422806,22.47527
17.60239,11.145675
-6.8366046,13.451338
-10.030245,21.873945
1.5156475,-11.864082
11.251037,-20.339582
9.565417,12.096937
-52.447956,3.1545236
-27.310839,33.75408
-22.216433,22.903423
-8.636271,22.439032
25.25115,31.69292
5.128097,-14.72214
3.529122,35.91692
28.542063,21.560677
-51.725254,12.617717
2.1853192,-31.328773
-11.38775,8.50828
-52.726295,3.7361555
2.1121254,41.53095
43.057137,-1.9618489
12.343475,-11.936879
-10.831911,-26.543484
4.4944744,-16.936184
18.124252,15.763289
38.3177,-22.254034
16.72595,-11.024569
1.886479,-42.28799
-13.559235,-28.646023
40.249546,-6.428413
-22.606323,-17.40778
48.08434,-18.467985
-13.19056,38.461056
-10.889648,-26.448326
12.29849,30.239992
-24.362867,12.024446
1.3916438,-15.817616
18.06742,12.306976
-22.610859,21.206055
-20.606247,-1.4556067
49.3485,-15.336653
-48.511536,-10.734735
-25.392267,14.828158
-30.539331,13.21081
-21.395475,-30.799574
-19.34243,-22.482311
-49.515526,8.789812
0.98092943,-11.099929
-30.515764,35.250854
6.5234656,10.004414
-48.334126,21.929304
-23.38651,-17.06916
5.3275604,-27.86109
-10.502783,-33.222614
-27.818623,-4.8966537
29.948788,17.887508
51.754932,-19.473522
30.712854,13.167217
11.763584,25.053288
-36.94291,-0.57448
18.625107,19.565903
-3.2635038,-21.326897
-6.212715,5.0083947
4.317972,22.553995
6.7773137,25.692049
-24.566687,22.940676
5.9516788,4.802553
-20.707298,0.64072776
25.19942,16.32389
-40.32825,24.955
22.986635,-23.96172
-13.472121,-26.140944
6.57791,-24.059586
10.2384,7.2079797
-30.026585,-6.577473
36.323483,-12.8655
-33.235954,22.78098
-41.80616,2.8111863
43.473785,-16.713171
31.361635,31.905409
-51.238377,2.8149981
15.601373,26.638409
12.19643,-0.13425611
-3.0003302,25.057907
-28.177683,19.402645
-6.5614657,10.939404
-35.567116,10.342482
51.3672,8.548591
-51.102184,12.988913
59.41953,-15.767568
7.776939,-23.093935
-10.482149,26.81626
-6.7321877,3.2563365
11.688431,20.244556
42.355965,1.5761441
1.9025191,-24.67083
3.8227568,-34.8702
3.2402532,-18.678905
-13.778848,-22.923952
-2.1143348,13.717648
52.632782,-15.375958
-26.377697,-17.709114
-18.417536,36.293976
4.635905,23.725245
-6.8982778,-15.188937
22.26833,6.2793508
-36.94077,-14.969187
-13.244435,-24.106546
0.55465394,8.946177
51.93071,3.3745708
34.999714,30.031054
-12.079392,-31.244694
-54.771465,10.608441
40.55065,-8.320311
22.496708,-18.831272
5.0838914,-16.798061
-7.103784,23.656836
-49.21104,23.53366
1.6967632,41.266026
-38.501423,-2.4833982
7.687133,37.664726
-39.71934,23.72014
27.713108,28.657248
-12.064433,9.925711
0.48410034,6.0754137
1.3817683,30.981579
3.213297,29.21571
4.3682823,-15.362384
0.6916178,-45.957893
15.378306,27.258137
-51.85879,1.1139878
4.753993,-33.246445
29.30901,13.577742
-4.973147,-16.780653
-35.524,22.903023
47.68179,1.797938
17.404642,-10.378131
49.57873,6.6450686
21.135511,17.99041
19.7158,19.30051
9.7363825,-30.179192
-51.527218,10.855129
-38.362984,13.874488
5.93451,24.055944
7.9282284,25.028917
25.441452,20.647446
21.498396,14.532934
55.882935,-20.266985
25.303736,-14.425233
2.8833475,27.98747
-37.159668,1.9268504
35.90843,-14.527889
22.692684,14.104742
-20.615623,-31.256607
-26.795864,39.090538
4.4825635,34.720493
3.8775752,-28.02609
-38.91968,-14.678332
-19.39097,-2.2787209
-15.6759815,-12.6154175
2.9388218,31.571594
5.8374753,-35.50733
1.9498471,-32.507835
15.788687,-44.09659
30.641283,30.277975
-7.7515607,-44.964123
33.091717,-19.337852
-32.274227,35.164192
28.343414,-31.328478
2.312154,-26.00433
15.124216,-19.027351
-26.259577,21.167093
-30.706669,22.613846
20.97954,18.694359
37.542274,-17.584908
24.797411,7.87762
22.80347,18.355652
13.189186,-25.348965
-33.114132,14.009035
50.297478,5.2786317
-10.657859,-24.866394
6.952635,-24.61918
-13.792986,-33.675648
-45.562912,24.441902
33.132565,-12.705415
9.928678,0.93504685
-49.9793,22.195772
46.71523,-15.623857
-7.05281,20.181782
-50.477085,11.666528
3.8619964,-27.2165
34.57915,-15.464023
14.872775,-13.291708
-39.755745,-5.4810843
-13.130525,16.811802
31.273317,13.024987
37.964252,4.3819985
18.763195,-2.9869413
47.020134,7.437826
28.148722,-31.421782
23.141844,-33.088245
0.28998947,-15.860433
-10.629491,34.886936
55.36492,-22.153614
6.8325977,13.799451
-5.7633862,-37.994926
-38.080826,15.399963
-11.056491,-0.23779066
-30.527334,39.94288
12.15413,-22.63191
19.40145,-35.36329
22.488703,-29.690128
47.39451,-5.954731
54.462616,-22.02987
1.3787537,30.085798
56.361084,3.5000658
29.47657,13.212502
-35.84211,-15.49178
-2.2980642,24.609022
41.23176,10.606413
-53.88655,4.1613135
47.558662,-17.018
21.862337,-7.5981784
36.276207,1.7065285
22.353216,-5.163001
48.89128,-16.472244
-16.509237,-29.939629
-14.556371,9.341488
5.303498,24.62342
50.465237,-5.6508265
-1.2644017,-35.031208
19.04746,36.38842
13.240743,-33.48268
47.481266,-0.71489173
-33.267105,31.020397
8.992279,-41.472694
-1.7895077,7.9191847
-22.971634,-0.2986236
37.470654,-12.443282
17.049068,20.409853
-44.975582,27.736906
16.55524,-13.878847
-47.620255,17.392225
-7.3547564,-34.97824
30.557983,13.703763
-11.589461,-28.025589
21.986948,15.523103
8.445656,-39.61322
24.585617,-13.538902
28.749975,-17.57331
13.808934,-29.795998
2.7838578,34.6033
20.473173,31.00333
-22.745844,-18.732931
27.445364,20.850725
-10.056956,21.297945
-4.772164,-21.403847
10.873007,-7.2685747
-7.7343864,20.391693
16.402868,34.46126
27.062405,25.076944
47.89375,-14.765358
8.141126,-33.502827
-14.370159,23.104101
-42.424995,31.09232
-31.290926,11.435236
-34.633797,7.6424103
-39.292885,13.28923
-33.371655,-11.693706
35.22849,4.1094265
56.330563,-14.72002
32.325947,19.803972
31.42066,-21.56495
-50.377342,-7.0318484
-19.524271,27.599606
1.1735088,6.0539365
-40.80454,-12.914865
49.857624,-10.854691
-31.786325,5.002977
18.370338,37.696518
4.826027,25.4366
-20.544788,28.019331
-47.30165,-12.132398
-35.727875,22.555641
37.143837,-8.978747
56.14388,-14.5224
15.532589,-38.40127
-33.603905,-1.4593594
0.6913868,-33.23612
-46.236156,-11.378446
-23.790031,23.972977
16.891552,32.004654
23.192713,1.274801
-13.904229,28.37654
17.715288,18.87128
-46.248016,-8.38829
-35.50184,29.558
-5.609801,33.93032
19.894543,-3.5092483
34.04184,-14.392195
-44.272617,19.71373
-52.477196,-4.7404585
-40.200397,21.022493
28.894289,-8.909609
0.1639414,-13.7680645
-20.558605,-16.68562
12.224075,-6.3802137
55.757633,-15.595433
-15.324104,-13.5261965
-18.124779,22.02414
-13.9572115,32.725018
-52.30233,4.54832
-34.851906,-18.377302
26.558075,-23.28678
43.69781,-6.6047525
-24.89439,11.684827
48.318615,-0.3382376
36.49722,-4.3906183
2.5417123,-1.73485
20.06085,31.24848
-37.42683,-2.831296
32.507164,4.7803106
-32.972157,3.760429
14.841257,17.431427
10.2395315,2.4205055
-42.97389,-10.167827
9.873518,35.013123
-24.55717,-18.399271
-35.65476,-6.4716916
16.467884,14.072107
34.61947,-13.232268
55.96467,0.6825645
-15.513288,7.0885215
39.958317,2.3434505
-26.615934,1.1920425
-20.81353,31.401697
44.498154,-3.9001608
-40.972507,28.40695
-12.067555,5.2053785
26.019789,-22.498184
-19.57589,32.013863
-1.7004979,21.010746
-2.9026432,25.113092
14.460122,-32.947163
-3.8605912,20.786865
-45.588757,16.54735
32.51446,15.955334
38.681236,7.5555654
23.743536,-14.738073
47.48759,-8.941503
-48.49623,17.220417
-27.259214,24.58536
-5.738482,4.195286
-16.532156,-14.661957
34.142887,-16.611212
-16.426077,-11.9466305
-17.970167,7.627941
37.59861,0.19997524
47.689846,3.5582857
-47.06317,-11.676774
-1.9229476,-40.329212
-21.762617,-14.219949
28.806274,-12.238491
34.639366,-13.268473
39.453068,-25.249422
-30.455046,40.48642
30.606733,-12.667236
11.799083,24.223032
17.456024,7.5350614
10.315591,5.8570776
-38.419193,1.8082486
7.5970473,-22.519085
22.227165,16.713184
-30.81355,34.52231
8.54864,-40.63706
14.926901,37.40668
12.729173,-8.867677
24.5407,-13.004829
32.83532,-14.359428
-30.183603,17.504637
-12.668763,-33.1212
-20.830698,20.346375
7.9106994,1.6702683
12.571344,-2.6890357
43.34354,0.33993155
-15.13163,-38.071987
26.316973,32.888256
1.0106711,-35.1062
-19.461777,35.42314
5.523819,-42.23592
-2.9840848,-43.727856
-14.336183,1.095381
2.551445,-35.60084
-30.547985,-2.876265
24.712748,15.869511
5.0276694,24.11935
-51.504597,-2.9130554
22.752163,34.77909
19.104633,-4.0619073
-31.020115,-6.263442
7.7628007,-6.1974473
12.840381,-9.357898
22.929047,-7.029659
-23.90367,-14.820793
15.289729,-7.216585
-42.28902,24.148397
26.208565,-24.54122
-5.812236,3.2000937
60.055874,-15.83518
-41.620926,-7.8705463
39.04006,-15.262843
8.662331,-41.397705
-34.95001,-18.068413
-17.162317,34.60253
-30.67648,-11.770631
-38.762478,-15.531924
-40.57841,21.67315
-9.132928,38.902878
-4.5134587,-30.382061
-40.410187,-17.58584
32.657314,-32.01787
-3.3733974,-20.672142
-49.44014,20.965384
0.20897399,-18.019562
-14.201432,7.837762
53.7428,-21.115553
-24.129766,-3.2701733
-32.249157,35.869617
-52.340633,-4.9423237
14.835737,35.105694
47.363426,-7.5563345
-16.384062,-29.119226
-6.4807935,-37.983032
45.176674,13.008531
-44.01675,31.314411
38.34741,-0.8018841
35.42857,-19.40206
-28.597557,10.747753
-51.347225,1.8368049
35.696102,-16.11386
8.766911,-9.745823
-18.273287,18.353626
-14.871565,-6.3657775
46.11224,-14.030405
-13.960636,-22.214579
-43.27247,2.9053006
52.784225,-19.966969
-4.2941146,22.511494
19.113117,-1.8220565
-49.997902,-12.603107
-32.452686,4.050596
-45.28787,19.292694
18.586206,-15.42911
-5.3644714,-16.577307
47.72285,9.868826
50.269794,1.2009345
18.651436,-5.2573376
16.89105,27.070402
49.983727,-9.391411
32.801445,-16.129305
21.098103,-4.0767546
52.934086,-21.539278
48.87642,-16.922245
-4.62093,-42.095093
28.350166,-15.390164
48.953438,-17.135824
41.276497,-2.9854538
-1.7736,-38.93694
27.49253,27.68716
-17.224102,29.942348
-48.97862,-11.583832
-4.2516007,-14.677501
-37.058792,8.5642605
-42.033794,-4.7524047
49.54818,-10.461279
0.5873184,-30.253736
26.197226,-4.4333477
-53.641376,1.7492495
-20.93589,-4.512469
-39.170063,19.656206
-14.605573,-22.660635
32.929085,-14.0871935
-39.303543,-12.114235
48.070873,-6.649547
27.863155,-28.462757
22.454407,-24.646788
33.66843,-9.61258
19.931095,18.358002
38.156998,4.3865175
7.3409185,35.96842
48.607594,-0.81502676
12.88993,24.784662
23.47256,-2.5941129
-2.910909,-21.440748
-7.802027,26.722544
50.603676,5.512653
47.162773,-8.422182
11.836708,20.890944
52.780468,-10.582404
4.994784,-1.9358262
50.081486,-6.1368957
-10.407631,-13.90571
-51.23429,-1.4036431
-12.680575,6.0623837
26.743086,33.667477
27.077524,28.559795
10.224338,-19.406172
-37.88567,29.648989
0.30546123,37.33848
17.464859,21.150257
10.80544,-7.390975
-5.616979,28.0025
-48.671425,11.255831
30.78041,22.048008
-7.3579783,12.46564
-34.01541,4.5849147
-24.636454,-8.736577
27.955221,29.727825
28.332123,26.026197
15.442555,22.023098
46.27617,-0.5279835
28.115597,8.72085
14.643159,35.986187
58.684902,-13.92445
26.741734,-12.126113
-5.125601,24.582714
-22.931847,-9.633588
0.6557481,-45.970757
-7.8756704,4.8556905
47.622757,-15.885472
-27.356913,15.290969
-32.68418,21.231277
-31.617079,-7.8544827
-2.8972414,25.977602
31.954802,17.33285
-8.57601,27.109991
-42.342915,-1.3957177
34.26119,-7.8758965
-12.7241125,2.8669777
-6.3077903,-42.36269
32.362324,5.0077167
49.507404,0.6812141
-46.806503,22.884567
-31.805958,-3.9346628
-10.447982,7.4685717
3.1265237,-37.652214
-17.713398,-2.3938384
-39.07983,22.636545
38.470882,-1.0257256
-11.011939,-38.781296
-13.307659,-32.648075
-40.846107,27.279003
-11.839569,3.2560515
6.200879,26.29138
44.596645,-2.6864867
52.385555,0.35623693
50.331367,-14.758455
2.664265,-18.3017
51.328823,7.019988
15.372263,16.922462
-41.36005,12.300402
-15.028795,3.0762208
5.407279,-6.0128613
-0.60048383,-17.361534
38.136528,-15.230028
2.8279643,-15.53847
-15.164068,-26.144272
25.86756,33.032005
9.070605,36.70969
24.57817,-3.028358
24.407127,-11.971467
32.830997,-26.237757
-51.224247,-5.7107854
7.2153087,1.7556669
2.2014058,-14.195619
-20.530474,-7.697176
4.872678,-15.206221
15.892699,-22.663359
44.014717,-15.979627
27.393822,13.220345
20.974098,6.031668
-3.3242433,-22.195152
-22.388939,-4.8270674
-29.91024,-18.365906
45.746033,-2.7973347
-22.265026,1.2875508
-54.57948,10.480138
18.28677,-38.80172
29.122202,18.09912
54.54175,-22.853123
10.730203,4.729741
53.193886,0.47368905
20.320093,10.977093
-10.429972,27.568222
-2.0845716,23.905748
-51.775936,0.1028122
-43.83423,29.734875
18.806107,-13.401625
17.963192,-39.984318
49.030155,5.655862
-51.06764,12.468012
20.47532,14.171883
27.726244,18.004797
24.835804,-27.62851
-5.3541417,22.097492
-29.632265,4.80698
-41.180885,29.235573
-23.48645,37.931496
54.62995,-21.36905
-2.8309214,-22.134405
26.238949,33.735218
-22.998941,22.654158
-0.23430163,-38.64047
-26.838608,22.016027
26.766695,13.260498
-5.010324,-18.512829
-37.446648,19.219252
19.698381,-20.132416
-8.410774,3.779205
-36.155674,-3.2589438
-39.40158,24.691992
-54.184704,6.1889215
-22.528877,23.265198
-50.678432,6.612561
-37.04099,14.720065
-52.36122,-3.0285254
11.262015,-28.96654
-37.997746,1.0774364
-35.855846,6.6950665
-0.73649937,-48.970943
-18.422274,-3.1387248
-35.75471,8.1240225
-21.182016,34.164665
-2.3225582,3.4962752
-49.508007,10.193636
-39.99687,-8.467099
13.813565,35.664337
2.3394165,30.988132
23.494415,20.548368
49.688354,-0.63552254
-26.054312,13.150318
39.273994,23.448006
21.554035,28.150726
41.703773,-1.782851
26.80824,-9.331382
-20.485523,35.919693
-13.711457,31.05742
-29.387676,23.095346
22.927565,-10.359058
25.669224,18.474491
-20.591602,22.10485
-14.171241,-32.367138
-50.0907,-0.3480834
39.681763,10.824414
45.30693,-15.299538
27.1249,-39.337936
-34.258724,33.748775
-10.451278,-14.439071
-53.790688,2.5205185
-15.433015,-28.890558
37.446743,-14.110415
-3.204735,4.6208973
-28.783987,-3.1310642
-33.627617,39.898952
-22.55137,24.375774
-5.183294,-14.143158
0.34525958,-23.271854
13.590496,-24.303238
-7.7987485,-36.918327
-2.31798,-15.303352
24.088276,2.287912
4.638804,-2.0959675
9.163622,16.151342
19.08424,-22.913137
7.404072,-42.074883
14.834207,-9.206717
-48.65014,-13.292513
-21.247301,21.536366
0.91810966,36.141617
10.397445,0.3568181
47.764362,-11.541833
-1.2555169,-50.064617
-14.34194,-21.141037
30.217554,11.930517
-39.731983,18.41772
32.3805,12.777259
34.061863,-23.230711
-43.413986,0.07241131
10.329144,33.674614
-22.547735,-15.393755
11.99943,26.241076
42.29852,7.1823297
3.9807396,2.384581
8.201123,1.6031405
-19.894148,33.34377
20.753124,16.066084
0.18702613,6.8541565
-50.553925,-1.6860383
-7.9752245,0.46614122
-23.102417,2.6217458
-10.901855,8.085958
21.753563,-7.5018873
-50.625736,10.25939
-35.966537,6.067317
20.901903,-13.882248
32.280563,-15.2627945
-38.94542,-2.9587643
-35.773346,-21.535908
18.440369,22.459372
-49.876713,6.6210403
18.892317,28.422241
-49.239346,10.610921
48.56816,4.821259
0.78260845,-48.600773
28.156414,-5.361699
-54.626007,4.277808
19.865515,-30.354378
27.67938,-22.183825
26.6885,27.276602
-43.272633,1.5374677
-30.23763,24.058304
-49.880505,21.456566
-40.58032,23.84515
-29.282305,6.701775
4.920953,-41.53228
15.532095,-12.277894
-20.246326,-8.355826
-10.605002,-36.110077
24.439022,-17.13078
33.604206,-15.526626
-0.13835698,-46.378403
-38.717686,5.9849863
0.9054823,14.679904
-11.2180605,-10.263087
-32.389503,34.611824
21.96912,-10.395767
-4.2856884,5.4093857
-5.9223275,17.34415
-18.185127,26.61942
4.698446,-34.738262
-0.6457247,-16.80047
36.82109,-19.584534
6.873178,-39.521458
-17.281271,24.2846
51.136,-10.4430685
-16.919588,-12.3262825
-24.187649,26.486755
-29.021873,5.3576865
9.13512,16.144276
-30.19654,-19.429735
-48.709175,17.31351
-26.805521,16.75703
-44.91631,28.318323
-14.307122,-34.751064
-41.083805,25.120071
-21.603775,20.935852
-32.275642,20.825169
-8.280556,-16.685654
31.680439,-1.7855686
45.921314,-14.308536
44.52949,-7.938572
-10.801601,19.881985
-25.269423,13.168033
18.293653,-9.902034
-23.36454,-17.35855
-29.641924,35.00317
17.139788,33.255783
-35.035236,-10.554374
28.586143,0.27252585
4.187663,-16.944574
-42.10028,11.677377
-55.100697,0.7252734
-18.156883,14.495918
-49.739292,-11.407252
-34.23052,-20.03197
-0.9640978,-25.487104
8.272331,-22.100817
15.035965,34.125385
1.4924622,32.1683
-19.805916,36.75738
-39.61095,-7.9095902
-49.697227,9.614505
-50.662197,-0.40559727
-6.984722,-3.4513535
-33.455765,-7.9612484
-41.356033,-13.588462
21.89972,-31.974295
17.040894,21.43316
-28.983109,27.323462
18.130613,11.555931
-17.709812,34.914986
33.85035,-25.843761
28.323502,18.076077
-21.230452,13.497264
-12.065881,-35.450844
3.164965,-17.15719
15.1242285,30.407633
52.59719,-12.732501
-36.542297,-14.190278
30.890766,-5.049724
-14.705038,2.762642
3.9872286,-35.971687
9.866579,-46.82858
14.042261,36.494404
-31.201258,14.069386
5.782379,38.533043
-7.5079026,27.850191
28.955463,-27.701246
31.454075,15.552004
-1.5291953,-12.790675
33.135494,-18.405033
-7.738588,38.667454
-52.885277,-6.224963
-16.664978,-23.237774
31.743439,14.014132
-35.388756,4.4415855
-20.335917,1.6170369
3.2921789,-2.9898546
-23.791658,12.670373
1.2519864,-31.424877
-35.13817,-0.20910986
16.502241,-14.571924
-8.497494,1.9547195
-30.649647,-1.7733275
-26.06828,-2.4512637
-16.56207,-39.978214
-13.817431,30.965218
58.273846,-12.294415
3.7710724,37.234188
-6.314747,-42.379272
16.849085,-5.937173
-8.893931,26.031855
-43.127922,-1.3957069
48.87059,5.9244075
-52.79383,6.022966
-4.884553,-15.477826
22.192211,-38.65058
-13.239812,39.015057
-6.3285,-29.479898
13.343343,7.050884
-14.730644,-17.562334
30.534973,14.050459
-1.3838786,34.16683
-7.860339,-13.93852
42.51426,-17.595606
20.917154,-13.179571
-41.07294,3.3620207
24.136257,-1.1585946
52.55584,-18.665176
-30.86162,-16.468033
-20.94527,13.393831
-49.49644,-9.68219
14.107171,36.526978
-17.318518,38.037697
35.597294,-4.9458485
13.89737,-9.521868
-38.399204,-16.091461
-9.905133,-13.936257
-29.583084,-0.3053539
9.641021,24.99422
-50.10676,20.677773
56.99755,-13.691443
59.09162,-16.758713
15.765731,34.071712
27.196043,-6.2650094
-49.413612,-13.14845
-40.0184,-7.187058
-17.07767,-12.657342
-21.700432,30.372448
27.69538,24.876184
24.479994,-1.8469176
-27.31128,1.9964654
1.173602,-32.354847
43.517746,-11.362039
37.403812,-10.878025
4.9870768,-14.114359
12.189933,40.020214
-14.640692,-38.347973
3.7538416,32.277138
3.559349,24.328037
-36.66242,-16.075603
-21.611073,-6.7887993
18.032194,-7.0640755
6.5871243,23.210722
15.772395,-11.731706
-31.340183,32.592854
-36.22505,18.548328
26.41217,34.782547
20.849037,-38.433258
-19.978868,-31.536177
6.782603,28.309929
22.73664,27.422493
16.689371,30.897152
-52.27909,2.2806554
-31.89678,35.952263
-16.584982,36.273445
-37.955387,-7.7814593
-19.124939,-2.6485233
-51.794342,3.335872
5.918628,-16.189774
11.713007,30.376997
-6.9153857,-17.379625
-35.642723,30.250462
-28.435297,0.8478904
23.615074,7.503178
-32.384678,-14.49256
3.2360954,-34.231884
-16.278435,13.013914
-53.019665,7.932045
-36.6079,-19.128107
23.367542,-30.090609
44.223587,-2.762651
-26.471386,4.0026836
46.665993,-17.48694
-28.840837,-6.066143
44.248978,4.0246015
-53.79218,-3.3031445
16.82637,11.7638645
-1.502218,30.497803
-15.0034075,35.43654
31.58853,-7.5737376
-41.811443,9.683555
-35.25472,-17.72346
-11.660195,7.7203617
11.460541,8.494702
48.59377,-2.208212
-4.3943634,-42.044685
-38.745335,31.448994
6.0799613,-41.397533
-2.5351758,-31.502048
-27.081638,-7.9747996
17.66986,33.04569
6.3394146,-31.89278
-13.139293,-40.675182
4.9578204,3.706531
29.53708,16.448118
-14.87503,-38.468365
3.1227546,-39.077557
-15.060133,13.264469
5.337697,-29.40699
33.708126,-29.723875
-8.584244,28.782614
-25.64845,-1.2253059
-4.0624576,-28.373455
-37.168255,-15.520486
-44.483177,-7.1989765
29.735046,-30.742529
-46.755672,24.729702
29.54531,-64.45602
53.523983,-11.715346
51.94005,1.4870766
-12.412848,7.758491
4.176973,-33.48007
-21.246353,2.043953
-1.9338629,-47.347775
-8.123243,4.5818367
-39.2187,4.701652
-34.589127,32.419357
-35.84637,5.5615478
-11.346305,7.243101
15.29862,24.855509
18.547464,-17.502394
-24.708006,21.906294
12.630391,40.457123
-15.338947,-38.395336
51.4749,-18.30571
-33.735447,10.622094
30.517614,20.745121
-9.121544,-27.867388
48.20694,3.7441876
36.354362,-1.9292556
-35.62176,13.319438
-0.9551689,-16.903988
5.243669,8.934191
25.135534,-9.940045
-24.027225,-16.296152
3.6623218,-12.317458
22.892149,-8.744081
-1.8991748,22.682655
23.965427,16.337418
15.354666,-4.673891
-14.234559,-24.90638
19.67076,-7.32421
-26.928694,12.383373
1.0918088,-32.064762
2.9709725,-45.148792
-36.71522,-8.224938
8.94038,-22.963287
-22.981056,7.7600436
28.998579,29.056519
-17.06407,-11.576771
15.003767,-19.04731
17.359642,11.14515
27.600897,18.767872
52.442043,-19.700573
-14.900031,24.109537
23.879728,24.02437
55.233334,-19.862684
-1.1565224,20.788776
3.1576877,-19.360165
36.516914,-16.032457
12.673309,-5.8519325
-18.545372,6.623225
-12.330744,23.933678
-31.359808,-2.02817
49.531853,5.239706
-22.080553,29.406105
27.338356,14.641409
-21.353914,35.770924
16.790098,-9.770661
38.127846,8.651251
-28.66082,3.7213078
-9.539894,39.56872
23.107262,24.491386
57.13053,-12.068075
25.691135,25.14949
-6.7347736,25.390665
-7.925798,-34.58185
-29.60075,40.726364
-6.9341974,13.355991
13.993549,16.907051
27.898493,-15.122311
20.76803,19.967756
29.21043,26.182709
5.299032,-38.213615
-3.3474238,32.452915
-3.2845314,-39.008797
11.773406,-8.02437
30.707869,18.264637
-13.079943,-40.0175
14.817466,0.70059407
-37.815754,-14.985377
28.690113,17.15287
-18.10103,34.168392
-9.171248,21.951582
-28.954872,1.9463047
-25.215479,23.57173
4.259889,-25.311932
-0.1864024,33.521515
31.57477,4.5893683
-17.569492,33.43481
11.727458,20.683264
6.1277823,9.961151
55.35381,2.6415718
-0.8760288,-47.71783
-53.49659,-2.2647247
-24.615088,7.414439
-2.2770529,-44.019855
10.417369,-2.9974675
26.405895,32.33888
54.029274,-12.255974
18.83197,-16.541128
-0.8829713,-35.694016
19.179468,-20.144394
50.677498,-10.523021
-21.157864,35.544125
-52.031364,-2.585489
-27.76213,24.073103
-52.347794,14.342789
47.2568,-8.01655
-19.494421,17.270617
-40.599102,22.407494
-30.446342,-10.536502
52.376713,-10.382259
-5.3396015,-42.44876
-2.0333323,-14.429424
-11.131687,33.21984
23.336452,18.85114
-19.471949,1.1831105
5.2619596,-32.730347
37.171333,-14.635504
-0.8618461,-48.33963
-29.66734,21.446045
13.673729,-18.53133
-40.43315,27.450344
13.3326235,-36.691704
48.265526,-9.546086
-38.85957,13.120867
-43.96365,28.027122
47.204758,-13.035497
-41.743107,26.642572
-30.005028,-22.423935
8.549569,21.59086
-17.360764,-23.936144
31.302626,31.127981
-2.9397976,11.989542
26.100512,4.1597996
19.521315,-3.6882057
56.40367,-16.027525
53.74677,1.1149622
-30.474554,32.180843
-6.2929263,22.081573
25.941618,32.917835
-49.42846,15.661648
-54.918163,2.3245435
-31.700596,30.228588
10.232468,6.9339256
26.57562,16.924006
-31.829952,14.554811
-11.561151,7.6481457
1.5482199,-35.138233
-45.456276,24.920568
-0.99661446,-40.177494
-8.294057,-16.901125
6.304049,-40.84527
-51.627327,-5.5933075
-13.929774,9.893398
-37.0565,12.719183
-5.1362596,-12.126984
25.474031,14.511715
-24.978634,-0.51712203
22.168621,-33.170334
32.546143,27.018154
9.110954,24.56315
4.693189,-35.984806
-25.81311,12.911615
-33.344166,10.153301
-44.430233,29.590477
-7.9660826,21.622839
-40.159107,12.383368
5.077876,19.296444
-7.5186663,-15.833455
-4.383851,-37.329197
19.894768,12.967928
-9.435794,-15.297285
17.768797,-8.819177
-21.12275,29.588646
-17.811413,-19.714191
48.029907,1.620012
-2.6769347,-17.207134
-32.051983,-14.420341
49.560524,6.035211
-31.203297,37.833626
-21.519594,28.934961
14.405711,27.892307
-5.076794,-20.145716
53.90526,-19.612005
59.50208,-15.348769
1.574843,-17.163483
-53.583393,-3.335336
19.51916,28.695267
9.95923,-29.311176
-18.056465,30.330572
-39.149113,21.780197
11.995161,7.560565
-26.283628,-2.7088175
38.745655,-22.907362
-8.956833,7.9567094
-19.530954,-19.20437
21.410852,17.300846
-7.2377872,2.8770435
7.121083,4.6731944
29.405355,-10.770782
42.44023,-1.4493531
-2.2857027,15.188078
2.728555,-13.564768
-33.44899,-20.878773
21.314297,24.924595
-11.4831915,-24.103046
-8.512482,-8.027507
33.24666,-30.857122
-26.401384,-14.494777
47.513214,8.684868
-4.360179,4.057049
-41.78341,28.010881
19.461895,-8.277524
-25.574902,26.861378
3.2999117,19.560019
20.326597,-11.100744
27.94615,-19.789513
-2.5680358,-48.388977
31.354107,-8.651442
-9.342883,19.41757
-46.42568,-9.461441
-5.382507,17.776157
-24.515715,-1.1196263
4.4494348,-27.948008
46.754494,-1.244727
-39.190857,15.463038
15.663326,-4.9585385
28.420649,-2.7062154
12.786934,-7.6049724
-31.99547,21.993536
-25.609215,-7.0229774
-3.2883751,-33.32909
14.826743,-9.902861
-38.789295,-11.386378
54.944023,-19.710882
-5.6679487,9.8510475
30.876965,-1.5497292
50.492786,-8.595962
58.462353,-15.392605
47.526737,5.1207395
33.58622,0.817755
-26.618969,22.420162
18.975374,32.860077
0.86758757,31.769518
0.09933859,-29.224794
-50.608562,5.660223
26.14452,24.000235
-30.531282,40.48106
40.77659,17.576752
-22.98538,-14.470494
2.4044304,28.341887
-35.560364,-0.27472046
-29.907305,27.493988
3.8717144,-35.300114
9.901685,-46.86421
23.142488,-15.228064
-23.150734,26.20753
-31.363773,37.8058
-0.48982576,-23.863855
-19.662687,18.056608
-45.243954,-8.230273
-31.507704,0.14810337
-33.969757,31.785856
40.83171,-27.604439
-25.432709,28.989435
-23.888016,-2.2771137
31.950695,-10.162588
-37.19124,-6.305795
51.897312,-11.70323
11.52183,31.978586
22.70635,-27.10106
12.343608,9.862538
14.994868,16.105585
-2.0900023,6.585016
-36.556046,15.063623
29.266537,16.139355
17.82771,13.563819
-6.477664,3.953563
-16.992733,27.109625
11.56915,-4.2678375
-23.511385,0.41768584
-20.868578,25.483294
-28.728073,23.42273
-45.319263,-11.948364
29.7464,25.200583
-3.4417903,18.228294
54.44989,-20.679533
-45.254562,23.589563
18.116367,15.780786
-19.10678,-31.454096
22.275055,27.566412
-9.019491,21.371883
8.185672,-22.759766
-36.407974,4.147995
28.16816,31.371489
-17.512272,1.6411695
-45.434727,-8.678013
-50.577484,1.9651681
-41.217678,18.259441
-8.159967,-8.195407
-41.86766,31.258202
-9.692535,20.16025
44.14253,-4.5973873
26.484594,-23.869253
4.5849276,-44.712482
-7.467643,1.9566817
43.42685,-0.1400733
49.647667,-1.3967776
-23.347124,6.28811
-49.85302,-14.363369
-26.227219,14.138507
-7.0313244,-15.606023
-43.99413,-14.521889
24.336924,-8.182605
9.022385,37.486908
-2.9093184,-32.675274
-17.687912,-2.4838796
48.090603,-13.964942
3.126994,-37.833527
3.7377114,-18.216166
57.638023,-13.517809
-31.371937,-6.9404225
-17.171705,9.988595
32.693897,-26.275146
-50.383987,20.115126
-41.098442,12.305155
1.6167976,31.36254
-32.797928,-4.9631057
14.026425,-24.134075
33.840755,1.1031274
2.8069801,-16.49896
-12.055346,-32.905556
37.766354,1.3380301
-48.849083,16.497166
27.314873,-13.898528
40.249023,-12.104808
-30.448174,-15.82358
-1.1792301,-26.489
18.368126,13.019643
-24.564316,-16.904408
-45.26413,-14.668478
22.27268,-11.84738
25.209085,-12.527739
28.762352,0.24336416
-34.48373,14.339112
-16.904118,32.120388
-5.6686873,2.4977796
46.10431,1.6992081
-50.108047,-4.811396
-23.945084,-17.725227
-38.049225,-13.646667
-21.140833,-17.325174
-15.948253,33.947926
-52.90253,-3.6512287
-51.18128,3.394389
7.138413,-6.0534205
-34.674927,-6.34313
-21.15744,19.57544
-35.280964,5.667093
-24.750595,12.843555
8.695351,23.64145
59.36559,-13.877683
33.062935,27.30809
-31.409426,23.377584
-8.174084,24.35433
14.9016485,1.5700525
28.927721,28.308506
11.602081,22.306652
-20.514666,-18.304943
-8.313667,6.5280366
-1.1655369,8.028284
-42.184315,19.494051
-11.623484,-10.282468
-1.1256583,-49.326145
10.179056,37.77777
27.882593,30.810968
-49.772736,16.872593
11.048584,-24.767435
-5.465046,1.6657118
3.5597506,-3.0685005
-45.56194,-0.7924017
50.553143,-1.8057252
25.007881,19.702616
-41.121582,30.73005
45.633266,-6.7063336
-1.688308,5.997777
26.43133,-9.218739
45.396908,-15.777541
-41.5629,11.092546
5.303396,4.2674007
-17.636969,3.822922
6.7665343,1.8164376
20.14807,-38.703873
4.098817,-31.646631
3.8812547,40.415016
57.190857,-15.110436
-6.419167,-45.351555
5.8615565,5.5638022
30.947485,-11.072369
40.118206,-13.731186
37.746895,-21.167633
6.126301,-35.11529
-3.1126838,32.6078
-23.303871,29.037148
-11.850675,-24.385462
22.752258,-27.439701
-45.8713,18.1811
11.090137,29.965729
-39.041687,5.2346773
-49.42175,8.042564
52.705254,-14.544689
22.64324,17.460096
30.871147,-5.6412888
-22.268719,15.66692
8.416242,19.013834
45.19643,-4.258338
10.024253,-42.715958
38.373226,-17.648052
34.550125,-12.323247
6.366123,-28.16312
39.64886,-3.7429388
-27.428202,13.150485
-9.236234,-16.613134
-8.831799,23.89932
19.389664,35.831985
-41.440964,-0.17012587
6.75359,37.68068
37.821003,-8.594339
20.652346,16.575516
-20.465624,22.9
52.237545,2.914011
37.939426,6.610408
-20.151817,19.637691
-13.559424,-25.666187
-16.844881,35.12945
0.76967514,9.867369
17.50616,32.122646
29.537949,17.815744
6.083925,24.557707
-13.086479,0.05692141
-21.734064,22.654453
36.383667,0.8483619
2.3682778,-1.942951
40.502045,10.7486515
-14.562517,23.589306
-33.29217,7.9045486
-2.6940067,12.354542
-4.1368256,24.030495
-44.826103,-14.125142
-27.041454,-7.3696
3.3299387,42.219044
31.278059,-18.039387
1.1300228,-19.614956
31.752653,-13.145376
59.991276,-16.107288
-7.160143,26.998924
-27.141546,-11.378563
4.015984,19.010645
-39.15235,20.969414
18.698883,11.638151
28.415747,-19.215195
-0.85258234,9.505956
0.52583724,8.426807
-0.17062181,-25.826387
-25.651232,21.398943
-21.77593,28.90463
-15.064257,18.12455
-14.490098,-39.760952
-28.20318,12.776215
-21.358982,24.682709
51.290432,-12.051434
-13.236639,-33.344326
-34.91175,30.165003
-54.715324,2.7739246
-45.38061,27.307163
-9.756939,28.131367
-12.60595,-37.69327
26.675901,-7.9343038
8.856696,36.388294
-49.900574,-7.4159293
20.998272,-14.766997
-32.266457,-18.573696
9.744334,-8.193646
48.537163,-16.353848
4.626409,-27.25768
-7.9678483,3.0412955
12.795312,-22.979015
31.945572,-15.823998
15.766438,32.526165
-8.497173,21.801023
8.1817665,-1.7730181
-2.5737562,23.691322
13.620843,13.453905
31.55501,12.812157
7.8331385,-1.4644387
16.38383,4.4388833
-46.85935,-12.531741
-0.27574396,9.665319
-46.557663,21.960089
53.497543,-12.531852
31.404324,16.564573
-33.329327,39.50009
-22.616531,-18.410124
-0.10508564,-32.52787
55.1297,-20.907536
-6.9767766,2.4766984
4.6297297,-40.50021
-39.940247,28.628057
13.291276,37.85376
46.592796,-4.825953
1.4504119,-4.8190475
51.677723,4.80736
-9.601024,27.125345
2.5755014,29.37726
46.158836,-5.280981
-49.434925,17.28563
-11.167703,34.359512
13.01154,41.01569
21.189423,-27.554096
-26.74177,-10.74615
-25.021917,19.617428
-22.793657,-1.9976522
-27.373495,24.904757
14.836781,-25.642534
-36.952293,-5.239217
-26.280046,-6.9363093
43.917084,4.231431
-39.126377,-10.01162
-10.915398,-17.695442
-20.8128,-2.686939
17.439156,6.9960456
-24.287668,0.33458093
23.469439,10.911727
52.826565,1.8146166
48.549595,-1.1666064
-27.39526,-19.707104
-39.548954,-1.4922234
15.6836605,19.807756
6.1500816,-24.736406
-40.66121,-12.563358
13.585589,18.51397
0.2979908,-25.084463
-2.366569,6.918915
9.583627,-37.448997
16.718285,-37.415974
39.022243,7.254127
14.145047,-7.576041
50.611053,-5.4786153
21.937653,-2.0681202
3.9938695,18.408342
55.20567,-22.532373
-19.303265,19.602367
6.9613595,36.89288
-37.50299,-17.29371
-2.2555294,-38.924007
57.962654,-15.037819
0.52674395,36.820873
54.283375,-19.366104
-47.066696,22.238543
-23.848223,11.323964
49.323566,-9.319032
-48.885025,16.209284
-2.7738266,-46.242798
8.645311,37.48938
-33.701553,-17.53764
-28.56581,-18.691517
57.14117,-13.073764
51.721962,-9.47916
10.243613,-18.762001
-49.674942,9.267637
-24.861189,2.4353094
52.38245,4.5798674
-7.4362917,31.012379
-1.1395822,-14.908049
-15.349562,-28.16654
11.472747,33.105976
35.933502,4.326671
41.588173,-21.423706
-20.340506,0.04659664
-0.34002334,-48.303326
27.301939,10.481757
-41.810383,31.043736
46.136616,-5.584221
-2.8922558,17.951452
7.6679273,38.644493
-24.718697,-18.822212
-34.803253,31.326956
44.259697,-1.1389877
-42.636333,-6.158396
52.12776,-21.083593
33.23108,27.273806
-10.747437,-6.7753797
-0.83287925,-27.295185
-3.7158473,-21.530224
-2.3772657,-12.715036
-41.172657,-1.0541435
-3.2334838,-9.327471
17.686827,13.041454
51.903744,-13.923678
-25.038406,19.959362
31.599705,0.4461251
-35.702477,-17.221087
-31.590883,11.539705
60.591946,-11.548383
2.955411,-32.43601
60.567253,-10.43879
-6.3679485,-43.23614
14.773198,1.1910764
-28.978983,-17.21349
-12.020783,-33.494907
-39.491875,-3.0965204
-50.6487,5.188303
26.612938,26.81647
-13.570665,27.970867
8.874752,-19.194605
18.277857,16.23973
54.24881,4.6026225
-38.73057,16.037935
8.088039,-42.76024
8.333888,-3.6681767
14.071404,-35.803047
-0.88326836,-15.697168
10.181672,26.689772
-35.045616,-12.248768
-39.01375,-8.476566
1.6470855,28.742975
17.474575,11.995357
-19.992998,29.470358
15.602342,17.67374
8.229043,-7.640977
-26.123875,-15.482483
52.593494,-9.854185
5.952911,-44.015457
26.083994,-1.5289339
-30.18061,26.845823
12.466133,-11.541618
-49.29133,22.50092
-7.0047574,-4.8102345
30.526289,12.451941
-24.376535,10.608884
30.093199,-13.646611
4.231655,-14.394327
5.227236,-24.663082
-26.724243,9.240861
-23.39759,-16.121222
-40.71816,7.2259426
-22.613638,0.45524105
-33.491287,4.52399
19.100695,12.759844
48.652542,8.468671
-31.074621,21.377527
28.36893,-3.280174
-23.871096,-15.800047
3.2973785,37.551964
30.573006,-2.6268191
42.980415,-3.1914659
60.44872,-13.484248
-17.58202,3.5792212
6.620081,-3.9808908
27.46755,-10.952598
-38.802143,-16.216187
-0.03559017,-42.443943
14.483415,27.351675
-6.1981263,10.432355
-4.2632327,-38.21693
28.90221,-7.1541567
4.4385557,-14.683325
-26.81683,33.264824
33.70718,-2.2094758
26.423607,21.907475
-49.4507,14.038919
4.551803,-4.5556846
-7.520073,20.807901
-11.170242,3.6337166
-22.931408,25.969444
-24.786009,7.1299324
25.075975,-6.3780737
-30.445541,-4.913743
12.000283,15.651699
-43.39307,-0.5296181
54.794136,-22.525415
15.700373,-44.18188
23.144022,15.392804
56.697216,3.163757
-54.374134,3.4311604
-11.319252,23.025547
-6.215352,-34.635063
-3.1543124,-8.935794
-1.218428,-47.53763
32.334026,-5.941322
27.301895,31.38684
-19.771425,-1.7018838
16.974049,29.889132
55.520233,-15.535888
18.93023,-35.52366
-46.693623,-13.191272
8.773835,-24.659403
-43.375732,21.881289
-11.489392,13.333075
22.880716,-20.653942
-49.13981,19.32195
-48.749588,14.919194
-6.88241,30.702772
-40.862316,-6.1484933
29.61292,14.452085
-28.178286,-7.5687675
9.722368,-41.398426
-8.487756,-44.246353
14.0014,-29.457722
6.5706506,21.156693
26.222137,-16.475424
35.112747,30.116362
28.388496,15.5316925
2.4773502,-4.6445475
-8.345461,18.584877
29.671463,26.999048
-9.435498,29.84962
-22.642204,8.170267
2.5702302,-19.251825
-8.688767,-12.623243
-3.8658018,-39.114544
-4.4919987,-20.188196
-50.675114,0.8810033
56.398365,2.1385803
-39.71736,21.864243
37.397278,-5.640301
-7.483975,21.502054
52.512295,-13.432615
-5.5178943,-14.919178
-40.58563,1.8499279
19.50168,-22.082111
0.0048110117,-31.133638
13.983779,-3.159485
8.440646,-40.99845
-33.943233,7.269548
22.96717,0.5451837
33.412945,-2.148238
-2.7598333,25.523695
-4.352511,32.588852
-49.951447,-1.0447831
-30.804426,-10.662243
25.808254,27.46697
-4.4647326,4.3433986
10.810879,-20.0898
6.145028,-35.77797
-8.312896,25.726934
9.391392,31.863333
15.950765,-21.518995
-2.4979577,-27.36203
15.228556,-33.40486
-52.711605,10.425696
56.46502,-9.787599
29.012274,28.344511
16.451286,21.198277
-28.835762,24.27697
2.820215,32.56423
10.799832,-17.974571
-33.963696,37.684822
-2.8360014,-12.428832
7.0669,-22.48394
48.82877,-0.08617008
36.060852,-0.35392153
-33.50737,2.4772558
1.6583444,-24.884216
-37.871178,7.3822813
29.035706,-9.212896
-12.618412,-23.800749
-33.012215,19.61127
-52.49238,11.7815695
7.974136,36.660408
-20.460575,32.048134
6.9899592,-24.417042
-30.417948,38.48879
35.208355,8.767214
11.704338,0.7374137
-38.732506,-3.2365723
-12.685481,25.134964
34.58982,26.675228
36.22193,9.133806
-11.28564,-33.74495
-17.033346,-20.168636
-23.672665,19.656364
22.266394,6.140863
21.073788,30.665094
1.0110631,-19.254015
25.71176,21.579107
-14.055373,-23.731958
-35.791275,27.478428
30.22767,-24.243904
14.070725,-2.9964051
-21.682308,34.518356
10.597831,22.054136
49.836067,2.4888248
14.491958,18.132452
-8.872515,-44.235275
45.10611,-4.9472604
27.144001,-39.439785
-12.661745,9.155829
24.179789,21.963099
-37.57096,-16.914875
8.798167,0.9833565
-1.8503844,-2.2833633
11.734836,-5.6202164
23.63352,-28.364086
-0.99170154,26.545572
-37.23118,5.167552
-34.862892,11.660382
-9.699389,-25.217175
53.74487,-6.472342
30.055353,0.74267197
5.364901,-24.301023
-27.161901,-0.67624
-38.42449,-1.4461216
14.599387,18.821238
-35.15978,3.7204332
-38.362473,19.814854
-18.152315,-37.380497
-12.879307,-39.350147
-1.6282793,-44.88264
-49.307457,-12.5812645
5.264358,-25.320936
-5.622582,-4.24442
-20.704344,30.393066
-33.658043,35.31251
-32.03439,7.399111
28.967379,-12.062044
28.128155,-19.89002
-23.13706,1.2860368
52.256927,-20.44113
10.934441,-40.909325
-0.21069966,-34.804585
-35.839405,-5.89866
12.196949,40.054146
-47.92806,-11.507756
17.451973,19.2478
-36.148476,-0.4566503
24.150562,21.00903
30.83861,17.639307
-14.145776,36.90856
44.234615,-1.8614969
51.7046,-16.181154
-32.026485,4.665363
23.909996,-3.819629
0.53151983,-15.543758
-1.9438555,14.5892515
-3.0068944,-40.441185
53.47098,0.28841573
-12.974768,-29.269428
24.74562,-11.219143
-14.987993,-31.092073
16.2163,31.768265
-36.23897,29.165157
-11.51097,-32.33798
9.721566,-29.309652
7.505972,29.573608
50.192837,-0.28037107
34.28108,-10.846718
2.5610654,30.059387
-14.654975,8.434185
25.860968,-6.199022
44.785324,-15.902531
-12.178609,-36.383232
-11.703173,25.219385
-12.730578,-33.920094
1.4375435,10.141952
60.049286,-14.852472
9.650201,-17.461937
-19.673557,23.668243
35.679848,-26.226458
27.59851,29.333935
34.353706,8.775317
2.4413002,35.013027
-4.7967234,5.178564
49.112995,-14.307005
7.1670094,-41.17137
45.33689,-8.327344
-3.8136065,25.239008
-20.253546,38.632996
18.234089,-30.631435
2.9958928,-30.130217
-27.72591,23.583912
17.955166,26.499939
-20.335741,31.262127
-50.096947,12.186694
-21.706549,-3.8780653
9.230548,-28.648563
-1.4807622,-1.3415246
45.16595,-6.5125227
-3.4220786,-37.521774
-33.17739,6.121076
9.263461,-6.271385
12.690035,-18.871422
29.17856,0.16879006
-35.565777,6.7990446
-0.98055553,30.62501
16.251625,18.742826
51.62189,-14.771107
16.756119,1.5172822
-12.338368,1.8464458
10.119314,12.019555
-13.2052765,5.258651
-31.27108,-16.027077
-25.50924,11.880693
-11.117046,-34.953533
41.775745,1.9395299
13.505138,14.651659
42.74528,3.9513853
43.544266,-10.8846445
5.2079697,-26.317736
45.44044,-13.6667185
0.051767718,-31.446333
-18.150175,14.45191
1.2884592,-20.754494
-38.073128,10.623302
26.072088,2.1516347
6.00097,37.270016
34.05908,3.0483944
37.03866,-3.979578
-33.113388,8.607833
8.37233,19.072458
-12.875335,-32.7891
-41.725464,33.164387
27.004786,-19.973673
-43.23544,-10.970504
-18.882305,21.723122
-31.672838,-18.037395
5.27591,-6.3037705
-31.474968,-14.926328
24.985783,33.233345
30.966902,20.056057
-48.11843,24.41728
-37.681587,-1.7851388
-21.917898,-19.007622
26.152517,17.10578
-30.268108,39.19063
0.6681339,-41.456085
30.598497,-8.358001
1.6775551,-43.010998
-34.732212,31.098795
4.9495797,10.013783
25.947638,5.8092484
29.195244,27.679047
-17.530407,-37.480057
40.81317,-27.551558
30.348604,-21.52402
52.71702,-11.085866
27.565752,-32.207672
15.58711,-11.600778
4.1877794,-25.516401
-38.815052,8.277949
21.256042,-38.01569
53.712852,1.8828166
-21.13501,-6.6751723
-36.038918,-12.432301
-14.404576,-18.015144
1.4385973,-21.466455
-32.885113,10.436438
-15.81548,11.469578
-11.169234,26.36595
-8.284766,-36.12807
0.9482109,18.079998
25.107758,20.848719
-30.24868,40.07141
13.478465,-22.473408
-0.9838931,7.223937
32.291943,-8.97647
-2.8696213,-27.98927
45.001724,-5.6087494
35.027164,-14.708395
-40.598495,-3.1712942
-2.5940304,-22.001886
-46.160206,-12.079859
-16.476316,1.2803386
39.713844,-15.617028
51.38307,4.2078004
-16.524248,35.91703
39.1178,-25.51833
55.573925,1.699119
22.92315,-20.373058
-10.964991,19.800692
25.96853,-4.3270855
-26.817484,16.540169
8.019001,26.959238
24.371458,-7.744014
-17.863554,-14.162231
-40.600628,-4.618582
-27.220549,13.50299
46.699066,-4.4127088
4.615625,-4.833514
-52.546936,-2.4816916
-17.108501,-14.654383
-37.725338,1.722506
25.662199,-18.469593
46.09261,8.713029
-18.460663,19.169464
21.027393,-29.359053
52.489643,-12.254816
40.13376,-6.1615996
-48.50023,13.170654
17.088509,-31.22887
42.60413,-15.056649
15.148217,24.281044
-16.936918,19.108469
-3.6992154,-16.341297
27.180044,4.0643797
0.6493935,-41.502728
28.543701,18.899595
-0.065971725,-13.909082
-15.499418,-10.380408
-49.25602,20.083809
-4.8170366,23.234207
-13.722815,4.8357916
1.0078583,-21.330261
-9.124287,-17.915432
45.650257,-17.216114
-32.705353,11.404309
16.179209,33.45468
-26.35784,4.284545
4.7395153,9.522289
22.455359,5.2439775
-40.205486,26.263155
40.217087,-24.827803
7.6762133,-26.28121
17.694225,-20.315624
-21.746405,-16.61883
-41.430943,-3.650978
10.923937,37.22654
-31.413609,13.358911
-15.637734,-10.910017
-4.7436447,-32.336308
19.32919,-8.693833
7.6768713,24.105286
-40.94789,24.590714
-45.41254,21.926594
-19.980347,32.41566
-15.004812,10.749226
-43.211708,0.44407663
-17.60389,35.83389
-5.569638,-15.859737
-44.677425,19.06241
-1.0157601,-46.4858
30.471327,-23.901295
1.6530446,34.510963
17.351707,-8.34454
-9.230526,27.03152
34.112476,27.035978
-7.9883223,-42.109844
42.165688,-3.1913762
-28.264772,-1.6393616
-44.046745,-0.4699079
-17.213737,11.948941
42.38071,-21.20743
51.852757,5.87687
-55.238472,7.145425
27.0115,-1.4095751
-41.105133,-4.371489
20.133959,3.0342524
43.9226,-3.003277
-28.374516,-14.102109
12.876536,37.355755
-50.634483,12.9025755
-11.08697,-31.790985
13.469611,-33.34149
2.8701186,-33.790936
-13.778111,9.168124
20.684875,-9.375246
-22.6681,21.96488
-30.275337,29.372635
22.686918,-21.283598
55.467323,-11.598227
27.927086,-14.395242
43.806175,-15.759522
3.67536,-30.929281
-32.482548,36.8562
-13.654132,-26.537436
